City_ID,City,Cloudiness,Country,Date,Humidity,Lat,Lng,Max Temp,Wind Speed
0,Torbay,75,CA,2022-06-13 21:43:14,75,47.6666,-52.7314,55.27,6.91
1,Provideniya,100,RU,2022-06-13 21:43:14,75,64.3833,-173.3,41.36,8.99
2,Mataura,97,NZ,2022-06-13 21:43:14,93,-46.1927,168.8643,43.48,13.8
3,Qaanaaq,36,GL,2022-06-13 21:43:15,73,77.484,-69.3632,30.04,2.77
4,Iquique,18,CL,2022-06-13 21:43:15,80,-20.2208,-70.1431,60.84,6.55
5,Bredasdorp,100,ZA,2022-06-13 21:43:16,83,-34.5322,20.0403,55.18,9.78
6,Kaitangata,93,NZ,2022-06-13 21:43:16,89,-46.2817,169.8464,41.04,18.01
7,Vaini,40,TO,2022-06-13 21:43:16,83,-21.2,-175.2,78.96,5.75
8,Ngunguru,24,NZ,2022-06-13 21:43:17,59,-35.6167,174.5,58.41,11.83
9,Leh,25,IN,2022-06-13 21:43:18,53,34.1667,77.5833,52.5,4.54
10,Samarai,78,PG,2022-06-13 21:43:18,74,-10.6167,150.6667,82.58,10.74
11,Cape Town,75,ZA,2022-06-13 21:39:00,89,-33.9258,18.4232,57.61,17.27
12,La Palma,75,US,2022-06-13 21:39:47,68,33.8464,-118.0467,85.5,10.36
13,Vanavara,84,RU,2022-06-13 21:43:19,86,60.34,102.2797,57.22,3.02
14,Corvallis,100,US,2022-06-13 21:42:44,77,44.5646,-123.262,59.9,9.22
15,Upernavik,75,GL,2022-06-13 21:43:19,82,72.7868,-56.1549,31.75,7.61
16,Galesong,79,ID,2022-06-13 21:43:20,82,-5.3166,119.3661,75.22,7.61
17,Kaeo,17,NZ,2022-06-13 21:43:20,61,-35.1,173.7833,58.91,8.93
18,Verkh-Usugli,42,RU,2022-06-13 21:43:21,61,52.7,115.1667,55.33,1.86
19,Baculin,56,PH,2022-06-13 21:43:21,81,7.4525,126.5842,77.83,6.29
20,Jamestown,24,US,2022-06-13 21:43:21,65,42.097,-79.2353,69.39,4.45
21,Castro,0,BR,2022-06-13 21:43:22,79,-24.7911,-50.0119,46.0,3.04
22,Ushuaia,40,AR,2022-06-13 21:41:01,75,-54.8,-68.3,42.46,21.85
23,Kapaa,0,US,2022-06-13 21:43:22,74,22.0752,-159.319,82.38,16.11
24,Berlevag,100,NO,2022-06-13 21:43:23,81,70.8578,29.0864,44.4,12.66
25,Meulaboh,93,ID,2022-06-13 21:43:23,89,4.1363,96.1285,75.7,4.36
26,Saldanha,97,ZA,2022-06-13 21:43:24,83,-33.0117,17.9442,55.45,20.09
27,Norman Wells,75,CA,2022-06-13 21:43:24,62,65.282,-126.8329,51.84,11.5
28,Dikson,100,RU,2022-06-13 21:43:24,88,73.5069,80.5464,30.18,12.12
29,Khatanga,92,RU,2022-06-13 21:43:25,59,71.9667,102.5,53.13,11.03
30,Ewa Beach,40,US,2022-06-13 21:41:01,54,21.3156,-158.0072,84.15,19.57
31,Cayenne,75,GF,2022-06-13 21:43:25,1,4.9333,-52.3333,79.09,6.91
32,Ribeira Grande,28,PT,2022-06-13 21:43:26,81,38.5167,-28.7,63.48,13.15
33,Port Alfred,100,ZA,2022-06-13 21:43:26,45,-33.5906,26.891,71.65,7.9
34,Mar Del Plata,0,AR,2022-06-13 21:43:26,58,-38.0023,-57.5575,59.02,5.75
35,Esperance,81,AU,2022-06-13 21:43:27,75,-33.8667,121.9,59.11,20.38
36,Denpasar,75,ID,2022-06-13 21:42:20,83,-8.65,115.2167,82.06,10.36
37,Balta,43,UA,2022-06-13 21:43:27,64,47.9355,29.6198,65.71,1.36
38,Yar-Sale,99,RU,2022-06-13 21:43:28,83,66.8333,70.8333,42.84,17.31
39,Hobart,75,AU,2022-06-13 21:43:28,92,-42.8794,147.3294,39.06,4.61
40,Sibolga,100,ID,2022-06-13 21:43:29,91,1.7427,98.7792,74.93,2.84
41,San Felipe,99,VE,2022-06-13 21:43:29,93,10.3399,-68.7425,75.2,4.03
42,Ozernovskiy,100,RU,2022-06-13 21:43:29,97,51.5,156.5167,43.45,7.94
43,Juneau,100,US,2022-06-13 21:43:30,96,58.3019,-134.4197,51.22,9.22
44,Krasnokholmskiy,13,RU,2022-06-13 21:43:30,83,55.9873,55.0466,49.14,4.79
45,Punta Arenas,0,CL,2022-06-13 21:42:32,70,-53.15,-70.9167,44.71,9.22
46,Dembi Dolo,97,ET,2022-06-13 21:44:31,91,8.5333,34.8,57.06,3.91
47,Georgetown,20,MY,2022-06-13 21:44:31,93,5.4112,100.3354,80.53,0.0
48,Austin,0,US,2022-06-13 21:43:02,32,30.2672,-97.7431,103.19,17.27
49,Dajal,12,PK,2022-06-13 21:44:32,33,29.5577,70.3762,94.71,19.44
50,Hermanus,100,ZA,2022-06-13 21:44:32,73,-34.4187,19.2345,52.81,16.04
51,Longyearbyen,75,SJ,2022-06-13 21:44:33,65,78.2186,15.6401,40.84,3.44
52,Rio Grande,65,BR,2022-06-13 21:44:33,93,-32.035,-52.0986,57.94,3.87
53,Busselton,94,AU,2022-06-13 21:44:15,69,-33.65,115.3333,58.75,5.84
54,Thompson,75,CA,2022-06-13 21:44:33,27,55.7435,-97.8558,77.16,6.91
55,Harper,53,LR,2022-06-13 21:44:34,69,4.375,-7.7169,77.63,5.68
56,Saskylakh,100,RU,2022-06-13 21:44:34,41,71.9167,114.0833,64.26,1.72
57,Yellowknife,75,CA,2022-06-13 21:41:13,55,62.456,-114.3525,66.72,5.75
58,Nantucket,20,US,2022-06-13 21:44:35,87,41.2835,-70.0995,77.11,13.8
59,Livanatai,3,GR,2022-06-13 21:44:36,54,38.7167,23.05,76.64,4.85
60,Rikitea,46,PF,2022-06-13 21:44:15,64,-23.1203,-134.9692,73.13,7.18
61,Mahebourg,75,MU,2022-06-13 21:44:36,64,-20.4081,57.7,73.69,18.41
62,Bengkulu,73,ID,2022-06-13 21:44:36,84,-3.8004,102.2655,75.61,3.09
63,Port-Cartier,75,CA,2022-06-13 21:44:37,88,50.0334,-66.8654,61.02,13.2
64,Bambous Virieux,75,MU,2022-06-13 21:44:37,64,-20.3428,57.7575,73.65,18.41
65,Vegreville,92,CA,2022-06-13 21:43:12,29,53.5001,-112.0518,75.25,14.97
66,Aklavik,89,CA,2022-06-13 21:44:38,42,68.2191,-135.0107,57.22,9.66
67,Ferme-Neuve,69,CA,2022-06-13 21:44:38,62,46.7001,-75.4493,64.76,8.05
68,Bahia Blanca,100,AR,2022-06-13 21:40:14,40,-38.7196,-62.2724,58.77,10.49
69,Urdoma,100,RU,2022-06-13 21:44:39,73,61.7533,48.5442,52.59,4.41
70,Tambopata,0,PE,2022-06-13 21:44:39,31,-12.7333,-69.1833,76.89,2.3
71,Merrill,75,US,2022-06-13 21:44:40,95,45.1805,-89.6835,65.8,6.91
72,Bilma,0,NE,2022-06-13 21:44:40,13,18.6853,12.9164,93.72,9.71
73,Tilichiki,63,RU,2022-06-13 21:44:40,54,60.4667,166.1,52.54,8.41
74,Chokurdakh,0,RU,2022-06-13 21:44:41,32,70.6333,147.9167,67.95,17.43
75,Ranfurly,77,NZ,2022-06-13 21:44:41,68,-45.1333,170.1,46.11,26.44
76,Bloomingdale,40,US,2022-06-13 21:44:42,71,27.8936,-82.2404,94.23,8.01
77,Salvador,98,SV,2022-06-13 21:44:42,91,13.8333,-88.9167,80.64,3.49
78,Tigzirt,0,DZ,2022-06-13 21:44:42,41,36.8886,4.1198,79.21,7.9
79,Anadyr,0,RU,2022-06-13 21:44:43,57,64.75,177.4833,45.1,13.42
80,Pizarro,100,CO,2022-06-13 21:44:43,89,4.9533,-77.366,77.34,5.97
81,Seguin,0,US,2022-06-13 21:42:33,36,29.5688,-97.9647,103.48,20.71
82,Lavrentiya,100,RU,2022-06-13 21:44:44,65,65.5833,-171.0,38.25,10.89
83,Neenah,100,US,2022-06-13 21:44:44,96,44.1858,-88.4626,68.25,10.36
84,Shar,95,KZ,2022-06-13 21:44:44,68,49.5886,81.0453,64.36,6.98
85,Sorland,100,NO,2022-06-13 21:44:45,95,67.667,12.6934,48.96,17.83
86,North Platte,0,US,2022-06-13 21:44:45,11,41.1239,-100.7654,108.12,19.57
87,Przeworsk,98,PL,2022-06-13 21:44:46,95,50.0591,22.4941,55.92,9.31
88,San Pedro,20,PH,2022-06-13 21:44:46,90,14.35,121.0167,79.83,2.3
89,Jumla,60,NP,2022-06-13 21:44:46,81,29.2747,82.1838,59.07,1.72
90,Bo Phloi,97,TH,2022-06-13 21:44:47,85,14.3236,99.5161,82.31,4.45
91,Nikolskoye,37,RU,2022-06-13 21:45:47,97,59.7035,30.7861,55.78,3.33
92,Curup,92,ID,2022-06-13 21:45:48,96,-3.4667,102.5333,67.73,1.25
93,Hasaki,100,JP,2022-06-13 21:45:48,74,35.7333,140.8333,63.0,14.7
94,Port Elizabeth,0,ZA,2022-06-13 21:44:29,56,-33.918,25.5701,67.1,2.3
95,Kodiak,100,US,2022-06-13 21:41:38,76,57.79,-152.4072,49.51,9.22
96,Kununurra,6,AU,2022-06-13 21:45:49,76,-15.7667,128.7333,51.78,2.3
97,Bluff,100,NZ,2022-06-13 21:45:49,69,-46.6,168.3333,43.81,37.8
98,Puerto Ayora,45,EC,2022-06-13 21:43:52,88,-0.7393,-90.3518,78.76,3.0
99,Kitimat,91,CA,2022-06-13 21:45:50,64,54.0524,-128.6534,61.18,1.99
100,East London,100,ZA,2022-06-13 21:45:50,31,-33.0153,27.9116,77.7,16.98
101,Umm Kaddadah,100,SD,2022-06-13 21:45:50,56,13.6017,26.6876,78.82,13.02
102,Sembe,97,CG,2022-06-13 21:45:51,97,1.6481,14.5806,70.59,1.99
103,Pevek,53,RU,2022-06-13 21:45:51,77,69.7008,170.3133,35.87,5.1
104,New Norfolk,58,AU,2022-06-13 21:44:31,87,-42.7826,147.0587,38.7,3.04
105,Faya,1,SA,2022-06-13 21:45:52,37,18.3851,42.4509,75.31,4.83
106,Narsaq,0,GL,2022-06-13 21:45:53,41,60.9167,-46.05,52.02,17.43
107,Kisangani,100,CD,2022-06-13 21:45:53,83,0.5167,25.2,72.0,0.31
108,Ponta Delgada,40,PT,2022-06-13 21:45:54,77,37.7333,-25.6667,65.5,8.05
109,Klaksvik,100,FO,2022-06-13 21:45:54,96,62.2266,-6.589,50.92,12.28
110,Ust-Nera,100,RU,2022-06-13 21:45:54,90,64.5667,143.2,48.51,1.66
111,Santa Maria,0,BR,2022-06-13 21:44:44,76,-29.6842,-53.8069,52.9,4.61
112,Arinos,72,BR,2022-06-13 21:45:55,43,-15.9169,-46.1056,74.77,4.54
113,Butaritari,18,KI,2022-06-13 21:45:56,77,3.0707,172.7902,81.18,13.35
114,Albany,1,US,2022-06-13 21:44:01,41,42.6001,-73.9662,80.06,3.0
115,Salalah,75,OM,2022-06-13 21:45:56,79,17.0151,54.0924,86.09,6.91
116,Trat,53,TH,2022-06-13 21:45:56,92,12.5,102.5,80.87,1.03
117,Katete,6,UG,2022-06-13 21:45:57,80,-0.7818,29.7544,60.84,3.65
118,Tuktoyaktuk,40,CA,2022-06-13 21:45:57,93,69.4541,-133.0374,35.6,13.8
119,Buraydah,1,SA,2022-06-13 21:45:58,11,26.326,43.975,91.85,7.2
120,Ritchie,100,ZA,2022-06-13 21:45:58,39,-29.038,24.6028,60.01,20.15
121,Serenje,0,ZM,2022-06-13 21:45:58,67,-13.2325,30.2352,50.0,3.56
122,Iralaya,100,HN,2022-06-13 21:45:59,95,15.0,-83.2333,74.73,4.45
123,Sesto Fiorentino,0,IT,2022-06-13 21:45:59,53,43.8345,11.1952,72.41,3.44
124,Sioux Lookout,100,CA,2022-06-13 21:46:00,77,50.1001,-91.917,64.47,8.05
125,Hofn,100,IS,2022-06-13 21:46:00,100,64.2539,-15.2082,50.07,11.83
126,Olhao,0,PT,2022-06-13 21:46:01,81,37.0286,-7.8411,79.29,10.36
127,Ponta Do Sol,53,PT,2022-06-13 21:46:01,68,32.6667,-17.1,70.0,6.31
128,Ixtapa,20,MX,2022-06-13 21:46:01,70,20.7,-105.2,87.22,13.8
129,Fereydunshahr,0,IR,2022-06-13 21:46:02,30,32.941,50.121,55.24,3.47
130,Maniitsoq,11,GL,2022-06-13 21:46:02,74,65.4167,-52.9,36.48,18.72
131,Santiago,100,CL,2022-06-13 21:46:03,52,-33.4569,-70.6483,62.04,13.8
132,Marrakesh,75,MA,2022-06-13 21:44:46,57,31.6315,-8.0083,80.67,10.36
133,Moville,65,US,2022-06-13 21:46:03,48,42.4889,-96.0725,96.76,11.07
134,Amapa,7,BR,2022-06-13 21:46:04,76,1.0,-52.0,75.74,1.74
135,Tenenkou,7,ML,2022-06-13 21:46:04,30,14.4572,-4.9169,95.59,10.71
136,Talnakh,76,RU,2022-06-13 21:46:04,63,69.4865,88.3972,58.46,0.6
137,Sohbatpur,52,PK,2022-06-13 21:47:05,38,28.5202,68.5434,95.2,4.83
138,Seinajoki,34,FI,2022-06-13 21:47:05,80,62.7945,22.8282,53.24,2.3
139,Rudbar,13,AF,2022-06-13 21:47:06,16,30.15,62.6,89.17,6.06
140,Hithadhoo,59,MV,2022-06-13 21:47:06,73,-0.6,73.0833,83.1,8.1
141,Indramayu,99,ID,2022-06-13 21:47:07,81,-6.3264,108.32,78.26,5.37
142,Malanje,31,AO,2022-06-13 21:47:07,38,-9.5402,16.341,59.63,1.99
143,Dingle,77,PH,2022-06-13 21:47:07,87,10.9995,122.6711,77.67,2.55
144,Axim,7,GH,2022-06-13 21:47:08,79,4.8699,-2.2405,78.37,8.41
145,Strezhevoy,56,RU,2022-06-13 21:47:08,97,60.7333,77.5889,53.13,5.59
146,Pontianak,100,ID,2022-06-13 21:47:09,100,-0.0333,109.3333,75.18,2.3
147,Santa Rosalia,6,MX,2022-06-13 21:47:09,41,27.3167,-112.2833,88.45,5.53
148,Namibe,0,AO,2022-06-13 21:47:02,66,-15.1961,12.1522,66.49,7.58
149,Ndele,95,CF,2022-06-13 21:47:09,89,8.4109,20.6473,71.11,3.42
150,Port Augusta,62,AU,2022-06-13 21:47:10,62,-32.5,137.7667,50.43,16.91
151,Amecameca,100,MX,2022-06-13 21:46:48,68,19.1167,-98.7667,72.32,2.73
152,Mercedes,54,AR,2022-06-13 21:47:10,57,-34.6515,-59.4307,56.64,9.08
153,Bubaque,81,GW,2022-06-13 21:47:11,84,11.2833,-15.8333,79.95,14.5
154,Novouzensk,0,RU,2022-06-13 21:47:11,66,50.4592,48.1431,60.15,6.51
155,Mehamn,75,NO,2022-06-13 21:47:12,93,71.0357,27.8492,42.75,10.36
156,Tiksi,100,RU,2022-06-13 21:47:12,56,71.6872,128.8694,50.11,2.04
157,Diu,43,IN,2022-06-13 21:47:12,77,20.7141,70.9822,82.67,12.64
158,Avarua,99,CK,2022-06-13 21:47:13,69,-21.2078,-159.775,82.45,9.22
159,Nijar,0,ES,2022-06-13 21:47:13,69,36.9665,-2.206,74.66,8.05
160,Karratha,0,AU,2022-06-13 21:47:14,59,-20.7377,116.8463,71.55,8.16
161,Saint-Philippe,52,RE,2022-06-13 21:47:14,77,-21.3585,55.7679,67.59,14.85
162,Kanniyakumari,85,IN,2022-06-13 21:47:14,81,8.0833,77.5667,80.37,18.54
163,Sawtell,3,AU,2022-06-13 21:47:15,93,-30.3833,153.1,44.62,1.14
164,Kokstad,100,ZA,2022-06-13 21:47:15,43,-30.5472,29.4241,48.9,4.83
165,Havre-Saint-Pierre,100,CA,2022-06-13 21:47:16,63,50.2334,-63.5986,61.16,14.97
166,Victoria,100,HK,2022-06-13 21:42:58,87,22.2855,114.1577,84.38,11.01
167,Chuy,24,UY,2022-06-13 21:47:16,90,-33.6971,-53.4616,52.43,5.06
168,Oistins,75,BB,2022-06-13 21:45:29,88,13.0667,-59.5333,77.09,8.05
169,Akhaldaba,100,GE,2022-06-13 21:47:17,93,41.654,42.1516,57.76,3.85
170,Nemuro,16,JP,2022-06-13 21:45:37,81,43.3236,145.575,48.16,3.74
171,Atuona,6,PF,2022-06-13 21:47:17,64,-9.8,-139.0333,77.97,17.36
172,Cabo San Lucas,1,MX,2022-06-13 21:45:28,59,22.8909,-109.9124,91.18,14.12
173,Kahului,20,US,2022-06-13 21:47:18,59,20.8947,-156.47,87.82,24.16
174,Yulara,0,AU,2022-06-13 21:47:18,44,-25.2406,130.9889,50.97,1.81
175,Yei,30,SS,2022-06-13 21:47:19,81,4.095,30.6779,67.87,3.67
176,Jalu,2,LY,2022-06-13 21:47:19,47,29.0331,21.5482,77.07,15.3
177,Diourbel,0,SN,2022-06-13 21:47:20,70,14.6628,-16.3925,84.18,11.5
178,Mosbach,64,DE,2022-06-13 21:47:20,66,49.3539,9.1428,59.07,4.83
179,Porto Novo,97,BJ,2022-06-13 21:47:20,84,6.4965,2.6036,82.22,9.31
180,Ilulissat,75,GL,2022-06-13 21:44:14,75,69.2167,-51.1,35.62,5.75
181,Hue,40,VN,2022-06-13 21:47:21,83,16.4667,107.6,80.71,5.75
182,Alofi,75,NU,2022-06-13 21:47:21,88,-19.0595,-169.9187,76.89,9.22
183,Vila Do Maio,6,CV,2022-06-13 21:47:22,89,15.1333,-23.2167,75.99,15.41
184,Clyde River,100,CA,2022-06-13 21:47:22,81,70.4692,-68.5914,37.63,2.3
185,Jawhar,34,SO,2022-06-13 21:47:23,84,2.7809,45.5005,75.11,14.54
186,Kirakira,60,SB,2022-06-13 21:47:23,79,-10.4544,161.9205,82.29,7.87
187,Hobyo,14,SO,2022-06-13 21:48:23,83,5.3505,48.5268,78.57,27.49
188,Lebu,100,CL,2022-06-13 21:48:24,89,-37.6167,-73.65,51.03,8.72
189,Kutum,100,SD,2022-06-13 21:48:24,48,14.2,24.6667,75.24,13.51
190,Fortuna,20,US,2022-06-13 21:48:25,62,40.5982,-124.1573,64.85,23.02
191,Imbituba,4,BR,2022-06-13 21:48:25,95,-28.24,-48.6703,61.86,5.01
192,Ulladulla,9,AU,2022-06-13 21:48:25,77,-35.35,150.4667,43.57,4.32
193,Bemidji,100,US,2022-06-13 21:48:26,83,47.4736,-94.8803,77.56,9.22
194,Arraial Do Cabo,75,BR,2022-06-13 21:48:26,77,-22.9661,-42.0278,67.96,25.32
195,Hilo,40,US,2022-06-13 21:48:27,70,19.7297,-155.09,89.28,11.5
196,Wasilla,100,US,2022-06-13 21:48:27,58,61.5814,-149.4394,67.06,10.0
197,Cidreira,97,BR,2022-06-13 21:48:27,86,-30.1811,-50.2056,57.94,3.98
198,Slave Lake,20,CA,2022-06-13 21:45:19,52,55.2834,-114.769,67.98,8.05
199,Morinville,75,CA,2022-06-13 21:48:28,40,53.8001,-113.652,71.85,8.05
200,Bowen,0,AU,2022-06-13 21:48:28,68,-20.0167,148.2333,59.02,8.63
201,Pisco,100,PE,2022-06-13 21:45:04,82,-13.7,-76.2167,61.02,4.61
202,Yumen,0,CN,2022-06-13 21:48:29,12,40.2833,97.2,62.82,7.52
203,Yuzhno-Kurilsk,5,RU,2022-06-13 21:48:29,72,44.0306,145.8556,50.07,3.85
204,Saint Anthony,75,US,2022-06-13 21:44:23,76,45.0205,-93.218,82.96,13.8
205,Gorontalo,100,ID,2022-06-13 21:48:30,95,0.5412,123.0595,73.02,2.8
206,Killybegs,100,IE,2022-06-13 21:48:30,81,54.6333,-8.45,53.15,10.96
207,Mount Gambier,100,AU,2022-06-13 21:48:31,76,-37.8333,140.7667,46.42,9.78
208,Kavaratti,95,IN,2022-06-13 21:48:31,75,10.5669,72.642,83.55,13.51
209,Kyren,92,RU,2022-06-13 21:48:32,88,51.6828,102.1408,60.62,0.47
210,Puro,95,PH,2022-06-13 21:48:32,80,12.4841,123.3827,81.1,6.02
211,Katsuura,100,JP,2022-06-13 21:48:32,76,35.1333,140.3,65.52,15.73
212,Pala,64,TD,2022-06-13 21:48:33,76,9.3642,14.9046,73.94,4.34
213,Vardo,100,NO,2022-06-13 21:48:33,87,70.3705,31.1107,44.58,4.61
214,Ornskoldsvik,88,SE,2022-06-13 21:48:34,74,63.2909,18.7153,52.97,6.93
215,Nouadhibou,0,MR,2022-06-13 21:48:34,83,20.931,-17.0347,69.78,20.71
216,Kruisfontein,100,ZA,2022-06-13 21:48:35,62,-34.0033,24.7314,64.89,6.13
217,Grand Gaube,91,MU,2022-06-13 21:48:03,66,-20.0064,57.6608,73.8,7.0
218,College,40,US,2022-06-13 21:43:43,35,64.8569,-147.8028,73.09,6.91
219,Hirara,75,JP,2022-06-13 21:48:36,89,24.8,125.2833,82.67,14.97
220,Roma,0,US,2022-06-13 21:48:04,44,43.2128,-75.4557,73.72,12.66
221,Souillac,75,MU,2022-06-13 21:44:58,64,-20.5167,57.5167,73.78,18.41
222,Houma,40,US,2022-06-13 21:44:17,60,29.5958,-90.7195,93.99,10.36
223,Lima,100,PE,2022-06-13 21:47:25,77,-12.0432,-77.0282,62.91,11.5
224,San Cristobal,89,VE,2022-06-13 21:48:36,88,7.7669,-72.225,80.78,5.32
225,Surt,0,LY,2022-06-13 21:48:37,78,31.2089,16.5887,73.15,4.7
226,Xining,0,CN,2022-06-13 21:48:37,39,36.6167,101.7667,50.36,2.64
227,Atzitzintla,100,MX,2022-06-13 21:48:37,67,18.9,-97.3167,57.36,11.12
228,Honningsvag,100,NO,2022-06-13 21:48:38,81,70.9821,25.9704,42.55,12.66
229,Miandrivazo,22,MG,2022-06-13 21:48:38,52,-19.5167,45.4667,70.66,4.16
230,Caxito,17,AO,2022-06-13 21:48:39,97,-8.5785,13.6643,66.07,2.33
231,Severo-Kurilsk,99,RU,2022-06-13 21:48:39,91,50.6789,156.125,45.1,13.11
232,Acapulco,99,MX,2022-06-13 21:48:57,82,16.8634,-99.8901,80.29,15.17
233,Ogulin,96,HR,2022-06-13 21:49:40,97,45.2661,15.2286,60.6,5.88
234,Niksar,71,TR,2022-06-13 21:49:40,91,40.5917,36.9517,61.0,1.41
235,Gezing,100,AT,2022-06-13 21:49:40,81,47.9178,13.1299,61.36,1.14
236,Bloemfontein,99,ZA,2022-06-13 21:49:41,54,-29.1211,26.214,51.28,10.36
237,George,100,ZA,2022-06-13 21:49:41,100,-33.963,22.4617,54.95,6.91
238,Saint George,0,US,2022-06-13 21:49:42,16,37.1041,-113.5841,95.63,23.02
239,Bethel,20,US,2022-06-13 21:49:42,54,41.3712,-73.414,85.33,10.36
240,Palmer,40,US,2022-06-13 21:45:47,44,42.1584,-72.3287,84.65,11.5
241,Satka,97,RU,2022-06-13 21:49:43,98,55.0425,59.04,48.92,4.32
242,Adrar,57,MR,2022-06-13 21:49:43,20,20.5022,-10.0711,94.06,7.83
243,Gambo,99,CF,2022-06-13 21:49:44,98,4.6482,22.2633,68.61,1.16
244,Mana,94,GF,2022-06-13 21:49:44,86,5.6592,-53.7767,77.31,6.11
245,Takhtamygda,18,RU,2022-06-13 21:49:45,88,54.1,123.5667,58.66,1.5
246,Vendome,6,FR,2022-06-13 21:49:45,81,47.8,1.0667,64.69,8.37
247,Sao Filipe,18,CV,2022-06-13 21:49:45,73,14.8961,-24.4956,74.95,10.07
248,Tyup,100,KG,2022-06-13 21:49:46,92,42.7276,78.3648,56.19,2.71
249,Menongue,0,AO,2022-06-13 21:49:46,52,-14.6585,17.691,52.97,1.59
250,Mendeleyevsk,7,RU,2022-06-13 21:49:47,80,55.9082,52.2905,58.24,2.42
251,Toamasina,75,MG,2022-06-13 21:49:47,94,-18.1667,49.3833,68.0,12.66
252,Paamiut,14,GL,2022-06-13 21:49:47,85,61.994,-49.6678,36.18,33.73
253,Diapaga,50,BF,2022-06-13 21:49:48,64,12.0708,1.7889,82.49,12.77
254,Korla,3,CN,2022-06-13 21:49:48,10,41.7597,86.1469,82.22,7.34
255,Husavik,100,IS,2022-06-13 21:49:49,76,66.0449,-17.3389,53.55,5.5
256,Vysokopillya,31,UA,2022-06-13 21:49:49,75,47.4919,33.5306,68.72,3.47
257,Mayumba,99,GA,2022-06-13 21:49:49,87,-3.432,10.6554,74.46,6.71
258,Kothi,68,IN,2022-06-13 21:49:50,50,24.75,80.7833,87.49,12.55
259,Marigot,40,MF,2022-06-13 21:49:50,63,18.0667,-63.0833,85.78,17.27
260,Gat,0,IL,2022-06-13 21:49:51,100,31.61,34.7642,74.08,3.04
261,Roald,75,NO,2022-06-13 21:49:51,100,62.5833,6.1333,55.17,12.66
262,Natal,20,BR,2022-06-13 21:47:43,74,-5.795,-35.2094,82.62,9.22
263,Bushehr,0,IR,2022-06-13 21:49:52,50,28.9684,50.8385,78.89,0.0
264,Coihaique,100,CL,2022-06-13 21:49:52,87,-45.5752,-72.0662,45.21,10.36
265,Balykshi,0,KZ,2022-06-13 21:49:53,45,47.0667,51.8667,64.4,11.18
266,Okhotsk,100,RU,2022-06-13 21:49:53,95,59.3833,143.3,42.39,18.75
267,Coquimbo,100,CL,2022-06-13 21:48:21,82,-29.9533,-71.3436,53.33,9.22
268,Nisia Floresta,17,BR,2022-06-13 21:49:53,88,-6.0911,-35.2086,82.78,6.33
269,Minas,10,UY,2022-06-13 21:49:54,75,-34.3759,-55.2377,47.66,5.3
270,Hualmay,25,PE,2022-06-13 21:49:54,75,-11.0964,-77.6139,65.57,10.92
271,Port Lincoln,70,AU,2022-06-13 21:45:07,59,-34.7333,135.8667,56.66,23.98
272,San Buenaventura,0,MX,2022-06-13 21:49:55,18,27.0833,-101.5333,104.47,16.08
273,Wuda,3,CN,2022-06-13 21:49:55,23,39.4994,106.7117,66.88,4.41
274,Shu,4,KZ,2022-06-13 21:49:56,67,43.5983,73.7614,63.36,10.6
275,Kudahuvadhoo,100,MV,2022-06-13 21:49:56,75,2.6708,72.8944,82.76,9.69
276,San Patricio,68,US,2022-06-13 21:50:57,49,28.017,-97.5169,93.92,22.44
277,Faanui,10,PF,2022-06-13 21:46:52,68,-16.4833,-151.75,80.04,20.92
278,Bahawalpur,16,PK,2022-06-13 21:50:57,35,29.4,71.6833,94.17,16.02
279,Iqaluit,75,CA,2022-06-13 21:50:58,75,63.7506,-68.5145,40.73,4.61
280,Lasa,5,IT,2022-06-13 21:50:58,85,46.6166,10.7002,63.48,5.12
281,Zyryanka,53,RU,2022-06-13 21:50:58,32,65.75,150.85,63.55,25.37
282,Kalabo,0,ZM,2022-06-13 21:50:59,54,-14.97,22.6814,56.43,2.68
283,Samana,40,DO,2022-06-13 21:50:59,70,19.2056,-69.3369,88.02,11.5
284,Rognan,98,NO,2022-06-13 21:51:00,86,67.0953,15.3878,51.76,1.3
285,Bundaberg,74,AU,2022-06-13 21:51:00,78,-24.85,152.35,62.89,5.91
286,Sao Joao Da Barra,90,BR,2022-06-13 21:51:00,73,-21.6403,-41.0511,71.69,16.35
287,Nkhotakota,0,MW,2022-06-13 21:51:01,68,-12.9274,34.2961,64.36,5.75
288,San Quintin,2,MX,2022-06-13 21:51:01,70,30.4833,-115.95,71.13,19.64
289,Hamilton,40,US,2022-06-13 21:50:58,83,39.1834,-84.5333,88.65,11.99
290,Cherskiy,16,RU,2022-06-13 21:51:02,30,68.75,161.3,64.2,4.45
291,Yegros,0,PY,2022-06-13 21:51:02,82,-26.45,-56.4,50.16,2.3
292,Mgandu,93,TZ,2022-06-13 21:51:03,50,-5.95,34.1333,66.06,8.14
293,Tasiilaq,100,GL,2022-06-13 21:51:03,95,65.6145,-37.6368,37.8,11.14
294,Cintalapa,89,MX,2022-06-13 21:51:03,79,16.6951,-93.7272,79.39,4.38
295,Belaya Gora,94,RU,2022-06-13 21:51:04,35,68.5333,146.4167,63.99,19.55
296,Nara,100,JP,2022-06-13 21:48:46,71,34.6851,135.8049,69.12,9.8
297,Chibuto,0,MZ,2022-06-13 21:51:04,78,-24.6867,33.5306,61.79,6.85
298,Houston,0,US,2022-06-13 21:51:05,46,29.7633,-95.3633,101.34,13.8
299,Muncar,96,ID,2022-06-13 21:51:05,90,-8.4333,114.3333,76.8,2.75
300,Airai,66,TL,2022-06-13 21:47:34,92,-8.9266,125.4092,57.96,3.22
301,Xuddur,100,SO,2022-06-13 21:51:06,65,4.1213,43.8894,73.58,19.19
302,Santiago Del Estero,0,AR,2022-06-13 21:51:07,14,-27.7951,-64.2615,64.78,12.37
303,Bathsheba,75,BB,2022-06-13 21:51:07,88,13.2167,-59.5167,77.61,8.05
304,Moose Factory,0,CA,2022-06-13 21:51:07,43,51.2585,-80.6094,75.2,9.22
305,Ahipara,52,NZ,2022-06-13 21:51:08,57,-35.1667,173.1667,59.74,14.34
306,Bacolod,93,PH,2022-06-13 21:51:08,82,10.6667,122.95,78.53,2.21
307,Qingdao,75,CN,2022-06-13 21:51:09,94,36.0986,120.3719,65.8,4.47
308,Grindavik,100,IS,2022-06-13 21:51:09,100,63.8424,-22.4338,53.55,17.27
309,Vila Franca Do Campo,12,PT,2022-06-13 21:47:29,86,37.7167,-25.4333,65.19,9.42
310,Makakilo City,40,US,2022-06-13 21:51:10,54,21.3469,-158.0858,83.95,20.71
311,Marawi,86,PH,2022-06-13 21:48:51,95,7.9986,124.2928,67.93,3.18
312,Atar,53,MR,2022-06-13 21:51:10,26,20.5169,-13.0499,94.66,13.42
313,Lagoa,5,PT,2022-06-13 21:51:10,80,39.05,-27.9833,62.56,9.6
314,Barrow,100,US,2022-06-13 21:51:11,86,71.2906,-156.7887,33.82,16.11
315,Miraflores,100,MX,2022-06-13 21:51:11,64,19.2167,-98.8083,74.05,4.7
316,Kargopol,62,RU,2022-06-13 21:51:12,90,61.5071,38.9456,52.75,4.54
317,Jagodina,22,RS,2022-06-13 21:51:12,75,43.9814,21.2622,66.56,2.86
318,Guerrero Negro,6,MX,2022-06-13 21:51:13,65,27.9769,-114.0611,70.68,20.94
319,Havre,0,FR,2022-06-13 21:51:13,87,49.5833,0.3333,52.34,5.75
320,Kishtwar,51,IN,2022-06-13 21:51:13,59,33.3167,75.7667,62.15,5.06
321,Newport,20,GB,2022-06-13 21:46:18,73,51.5877,-2.9984,56.82,5.95
322,Ballangen,75,NO,2022-06-13 21:51:14,87,68.3428,16.8315,52.02,5.75
323,Pangnirtung,40,CA,2022-06-13 21:52:14,70,66.1451,-65.7125,42.8,21.85
324,Antofagasta,31,CL,2022-06-13 21:52:15,84,-23.65,-70.4,58.28,6.62
325,Scarborough,100,GB,2022-06-13 21:52:15,73,54.2797,-0.4044,55.9,1.99
326,Porangatu,77,BR,2022-06-13 21:52:15,39,-13.4408,-49.1486,82.02,3.38
327,Port Blair,40,IN,2022-06-13 21:52:16,89,11.6667,92.75,80.64,2.3
328,Ingham,40,US,2022-06-13 21:52:16,67,42.6,-84.3833,82.58,3.44
329,Vila,17,PT,2022-06-13 21:52:17,69,42.0304,-8.1588,67.69,3.38
330,Beatrice,0,US,2022-06-13 21:49:59,30,40.2681,-96.747,101.44,12.66
331,De Aar,100,ZA,2022-06-13 21:52:18,44,-30.6497,24.0123,57.87,18.34
332,Durazno,5,UY,2022-06-13 21:52:18,70,-33.4131,-56.5006,46.76,7.34
333,Prince Rupert,20,CA,2022-06-13 21:52:18,73,54.3161,-130.3201,56.89,6.91
334,Amahai,29,ID,2022-06-13 21:52:19,85,-3.3333,128.9167,77.25,3.58
335,Vestmannaeyjar,100,IS,2022-06-13 21:52:19,98,63.4427,-20.2734,49.93,18.03
336,Moscow,100,RU,2022-06-13 21:51:11,73,55.7522,37.6156,64.24,4.47
337,Fukue,100,JP,2022-06-13 21:52:20,92,32.6881,128.8419,69.44,19.26
338,Carnarvon,1,AU,2022-06-13 21:52:20,56,-24.8667,113.6333,63.79,11.16
339,Lebedinyy,78,RU,2022-06-13 21:52:21,60,58.5167,125.5167,58.1,8.72
340,Khilok,99,RU,2022-06-13 21:52:21,61,51.3674,110.4676,57.92,2.89
341,Tuy Hoa,84,VN,2022-06-13 21:52:22,80,13.0833,109.3,78.08,4.94
342,Shakawe,0,BW,2022-06-13 21:52:22,54,-18.3667,21.85,55.53,4.47
343,Sturgis,0,US,2022-06-13 21:52:23,67,41.7992,-85.4192,86.13,10.36
344,Rocky Mountain House,100,CA,2022-06-13 21:49:07,67,52.3668,-114.9188,59.11,4.61
345,Ust-Tsilma,100,RU,2022-06-13 21:52:23,47,65.441,52.1498,57.87,4.32
346,Bichura,100,RU,2022-06-13 21:52:23,52,50.5881,107.6022,62.69,2.77
347,Maarianhamina,0,AX,2022-06-13 21:52:24,93,60.0973,19.9348,49.86,1.14
348,Paraiso,100,CR,2022-06-13 21:52:24,99,9.8383,-83.8656,64.42,2.33
349,Lorengau,27,PG,2022-06-13 21:52:25,71,-2.0226,147.2712,83.64,13.04
350,Flinders,6,AU,2022-06-13 21:52:25,79,-34.5833,150.8552,45.05,3.94
351,Baruun-Urt,69,MN,2022-06-13 21:52:25,78,46.6806,113.2792,54.55,6.2
352,Mitsamiouli,23,KM,2022-06-13 21:52:26,71,-11.3847,43.2844,77.09,2.68
353,Trinidad,0,BO,2022-06-13 21:52:26,31,-14.8333,-64.9,76.98,4.61
354,Parian Dakula,100,PH,2022-06-13 21:52:27,70,5.5567,120.7719,82.94,5.7
355,Laiyang,100,CN,2022-06-13 21:52:27,87,36.9758,120.7136,67.06,9.53
356,Yerbogachen,30,RU,2022-06-13 21:52:27,62,61.2767,108.0108,56.77,2.59
357,Villamontes,0,BO,2022-06-13 21:52:28,18,-21.25,-63.5,80.04,0.0
358,Kharp,39,RU,2022-06-13 21:52:28,61,66.8014,65.8081,46.76,1.14
359,Rocha,42,UY,2022-06-13 21:52:29,87,-34.4833,-54.3333,49.75,5.44
360,Fort Nelson,40,CA,2022-06-13 21:52:29,26,58.8053,-122.7002,67.59,8.05
361,Touros,4,BR,2022-06-13 21:52:29,79,-5.1989,-35.4608,76.46,10.4
362,Maypangdan,66,PH,2022-06-13 21:52:30,85,11.6519,125.4503,78.58,2.62
363,Ostrow Mazowiecka,100,PL,2022-06-13 21:52:30,92,52.8024,21.8951,51.62,10.18
364,Orlik,100,RU,2022-06-13 21:52:31,83,52.5178,99.825,56.53,2.08
365,Rincon,40,US,2022-06-13 21:52:31,58,32.296,-81.2354,95.92,5.75
366,Rawson,100,AR,2022-06-13 21:52:31,31,-43.3002,-65.1023,55.76,5.57
367,Baker City,100,US,2022-06-13 21:52:32,58,44.7749,-117.8344,51.51,13.8
368,Dunedin,93,NZ,2022-06-13 21:47:45,72,-45.8742,170.5036,43.81,13.0
369,Watertown,40,US,2022-06-13 21:48:50,40,42.3709,-71.1828,86.14,13.8
370,Rabo De Peixe,40,PT,2022-06-13 21:53:33,94,37.8,-25.5833,64.27,8.05
371,Wuxi,65,CN,2022-06-13 21:53:33,82,31.5689,120.2886,69.98,6.35
372,Turkmenabat,0,TM,2022-06-13 21:53:34,34,39.0733,63.5786,78.78,4.61
373,Awbari,90,LY,2022-06-13 21:53:34,23,26.5921,12.7805,82.85,7.52
374,Edremit,0,TR,2022-06-13 21:53:34,79,39.5961,27.0244,67.86,4.85
375,Payakumbuh,100,ID,2022-06-13 21:53:35,99,-0.2202,100.6308,68.97,2.62
376,Urusha,27,RU,2022-06-13 21:53:35,83,54.05,122.9,58.26,1.21
377,Leningradskiy,100,RU,2022-06-13 21:53:36,82,69.3833,178.4167,34.68,10.87
378,Vallenar,100,CL,2022-06-13 21:53:36,52,-28.5708,-70.7581,61.07,4.43
379,Kavieng,22,PG,2022-06-13 21:53:36,72,-2.5744,150.7967,83.3,13.78
380,Azacualpa,100,HN,2022-06-13 21:53:37,95,15.3433,-88.5514,79.45,2.53
381,Tongchuan,0,CN,2022-06-13 21:53:37,31,35.0806,109.0897,73.31,6.2
382,Zelenodolsk,100,RU,2022-06-13 21:53:38,75,55.8438,48.5178,59.38,3.65
383,San-Pedro,14,CI,2022-06-13 21:53:38,75,4.7485,-6.6363,76.73,5.37
384,Usinsk,55,RU,2022-06-13 21:53:38,48,65.9939,57.5281,48.04,6.26
385,Comodoro Rivadavia,0,AR,2022-06-13 21:53:39,44,-45.8667,-67.5,58.86,9.22
386,Gisborne,1,NZ,2022-06-13 21:53:39,56,-38.6533,178.0042,55.92,14.47
387,Mizdah,0,LY,2022-06-13 21:53:40,48,31.4451,12.9801,68.95,7.45
388,Nishihara,75,JP,2022-06-13 21:53:40,100,26.1842,127.7558,80.65,18.41
389,Muros,12,ES,2022-06-13 21:53:40,81,42.7762,-9.0603,72.16,3.78
390,Ribera,0,IT,2022-06-13 21:53:41,53,37.4984,13.2642,71.26,4.05
391,Naze,100,JP,2022-06-13 21:53:41,87,28.3667,129.4833,74.32,20.27
392,Genhe,98,CN,2022-06-13 21:53:42,96,50.7833,121.5167,56.46,1.41
393,Cadillac,100,US,2022-06-13 21:53:42,83,44.2519,-85.4012,70.09,5.75
394,Taoudenni,33,ML,2022-06-13 21:53:42,9,22.6783,-3.9836,101.28,9.4
395,Itarema,3,BR,2022-06-13 21:53:43,77,-2.9248,-39.9167,78.58,13.65
396,Cockburn Town,20,TC,2022-06-13 21:53:35,70,21.4612,-71.1419,84.16,11.5
397,Nanortalik,3,GL,2022-06-13 21:53:43,79,60.1432,-45.2371,38.37,27.6
398,Los Llanos De Aridane,4,ES,2022-06-13 21:53:44,84,28.6585,-17.9182,67.75,3.44
399,Cape Canaveral,0,US,2022-06-13 21:49:56,71,28.4058,-80.6048,90.05,19.57
400,Along,100,IN,2022-06-13 21:53:44,98,28.1667,94.7667,71.87,0.72
401,Inhambane,0,MZ,2022-06-13 21:51:47,83,-23.865,35.3833,68.72,8.68
402,Oktyabrskoye,100,RU,2022-06-13 21:53:45,100,43.0645,44.7417,59.14,2.24
403,Bocana De Paiwas,100,NI,2022-06-13 21:53:45,91,12.7857,-85.1227,75.31,5.84
404,Tuatapere,89,NZ,2022-06-13 21:53:46,77,-46.1333,167.6833,42.82,21.14
405,Labrea,84,BR,2022-06-13 21:53:46,75,-7.2586,-64.7981,75.58,2.68
406,Fengkou,24,CN,2022-06-13 21:53:46,93,30.0833,113.2667,69.51,10.29
407,Codrington,100,AU,2022-06-13 21:53:47,80,-38.2667,141.9667,45.34,11.81
408,Sept-Iles,100,CA,2022-06-13 21:53:47,66,50.2001,-66.3821,61.32,16.11
409,Amga,15,RU,2022-06-13 21:53:48,71,60.8953,131.9608,58.64,6.55
410,Port Hardy,75,CA,2022-06-13 21:53:48,87,50.6996,-127.4199,50.18,3.44
411,Kathu,55,TH,2022-06-13 21:53:49,99,7.9178,98.3332,85.69,7.78
412,Kabanjahe,92,ID,2022-06-13 21:53:49,97,3.1001,98.4908,61.21,3.38
413,Thiruvananthapuram,20,IN,2022-06-13 21:53:50,83,8.4833,76.9167,80.58,5.75
414,Richards Bay,92,ZA,2022-06-13 21:53:50,48,-28.783,32.0377,63.45,11.5
415,Pinillos,80,CO,2022-06-13 21:54:50,88,8.9193,-74.4677,82.08,3.13
416,Neiafu,40,TO,2022-06-13 21:54:51,78,-18.65,-173.9833,81.28,6.91
417,Anito,73,PH,2022-06-13 21:54:51,89,12.4497,125.2886,77.97,5.26
418,Vostok,4,RU,2022-06-13 21:54:51,63,46.4856,135.8833,60.19,1.52
419,Goderich,98,CA,2022-06-13 21:54:52,72,43.7501,-81.7165,61.92,6.26
420,Bouca,100,CF,2022-06-13 21:54:52,98,6.5105,18.2733,68.7,3.13
421,Alice Springs,0,AU,2022-06-13 21:54:53,87,-23.7,133.8833,36.95,0.0
422,Gazojak,0,TM,2022-06-13 21:54:53,16,41.1875,61.4036,82.0,8.99
423,Teramo,30,IT,2022-06-13 21:54:54,61,42.65,13.6833,74.01,5.88
424,Lompoc,0,US,2022-06-13 21:54:54,60,34.6391,-120.4579,83.79,30.0
425,Itacare,5,BR,2022-06-13 21:54:55,74,-14.2775,-38.9967,76.51,10.87
426,Humaita,93,BR,2022-06-13 21:54:55,73,-7.5061,-63.0208,76.95,1.99
427,Bella Vista,0,US,2022-06-13 21:54:55,56,36.4295,-94.2316,95.83,12.66
428,Markova,66,UA,2022-06-13 21:54:56,93,48.6758,24.4138,54.09,17.52
429,Neryungri,89,RU,2022-06-13 21:54:56,66,56.6709,124.6491,56.26,5.86
430,Mount Abu,70,IN,2022-06-13 21:54:57,69,24.6,72.7,72.64,5.14
431,Sterling,0,US,2022-06-13 21:53:04,66,39.0062,-77.4286,91.69,5.75
432,Harpalpur,48,IN,2022-06-13 21:54:57,48,25.2884,79.3347,88.83,11.21
433,Marsh Harbour,77,BS,2022-06-13 21:54:58,73,26.5412,-77.0636,82.53,10.98
434,Clearwater,0,US,2022-06-13 21:50:36,70,27.9659,-82.8001,91.38,11.5
435,Ocos,100,GT,2022-06-13 21:54:58,72,14.5094,-92.1933,82.69,9.73
436,Bilibino,26,RU,2022-06-13 21:54:59,27,68.0546,166.4372,59.7,2.82
437,Tanete,61,ID,2022-06-13 21:54:59,97,-3.9443,119.7848,72.07,3.42
438,Svetlyy,2,RU,2022-06-13 21:54:59,79,54.675,20.1347,56.97,14.32
439,Puerto Escondido,98,MX,2022-06-13 21:54:22,81,15.85,-97.0667,79.77,6.24
440,Alexandria,0,EG,2022-06-13 21:50:53,83,31.2156,29.9553,73.36,6.91
441,Udarnyy,60,RU,2022-06-13 21:55:00,80,54.3409,42.8611,56.8,5.17
442,Hyderabad,40,IN,2022-06-13 21:55:01,94,17.3753,78.4744,74.71,10.36
443,Acarau,5,BR,2022-06-13 21:55:01,80,-2.8856,-40.12,78.44,13.51
444,Vinh Yen,100,VN,2022-06-13 21:55:01,96,21.31,105.5967,76.95,3.02
445,Shediac,100,CA,2022-06-13 21:54:36,94,46.2198,-64.5411,63.12,11.5
446,Half Moon Bay,0,US,2022-06-13 21:55:02,47,37.4636,-122.4286,81.88,19.57
447,Praia,20,CV,2022-06-13 21:51:44,73,14.9215,-23.5087,75.74,13.8
448,Vila Velha,0,BR,2022-06-13 21:55:03,76,-20.3297,-40.2925,71.55,7.0
449,Sangar,100,RU,2022-06-13 21:55:03,96,63.9242,127.4739,48.79,9.64
450,Huarmey,16,PE,2022-06-13 21:55:03,74,-10.0681,-78.1522,67.3,10.8
451,Havoysund,99,NO,2022-06-13 21:55:04,83,70.9963,24.6622,43.03,6.31
452,Doha,2,QA,2022-06-13 21:55:04,86,25.2867,51.5333,89.91,6.91
453,Maceio,0,BR,2022-06-13 21:50:14,83,-9.6658,-35.7353,76.44,8.05
454,Nalut,0,LY,2022-06-13 21:55:05,28,30.3333,10.85,74.75,10.87
455,Kumluca,58,TR,2022-06-13 21:55:05,73,36.3703,30.2869,73.85,1.52
456,Ures,6,MX,2022-06-13 21:55:06,23,29.4333,-110.4,101.91,15.48
457,Carnduff,95,CA,2022-06-13 21:55:06,87,49.1667,-101.8009,70.38,9.22
458,Riyadh,0,SA,2022-06-13 21:53:55,11,24.6877,46.7219,93.34,9.8
459,Kanelovskaya,19,RU,2022-06-13 21:55:07,60,46.5908,39.19,66.96,6.06
460,Ballina,87,AU,2022-06-13 21:55:07,99,-28.8667,153.5667,52.02,5.21
461,Keti Bandar,0,PK,2022-06-13 21:56:07,74,24.1447,67.4497,84.18,8.93
462,Cambuci,96,BR,2022-06-13 21:56:08,73,-21.5753,-41.9111,63.84,1.77
463,Loikaw,100,MM,2022-06-13 21:56:08,96,19.6742,97.2094,67.3,1.52
464,Prado,100,BR,2022-06-13 21:56:09,76,-17.3411,-39.2208,72.68,12.59
465,Las Palmas,20,ES,2022-06-13 21:56:02,73,28.4204,-14.0131,68.79,14.97
466,Honiara,22,SB,2022-06-13 21:56:09,76,-9.4333,159.95,81.75,6.55
467,Ancud,99,CL,2022-06-13 21:56:10,95,-41.8697,-73.8203,52.23,9.01
468,Noshiro,12,JP,2022-06-13 21:56:10,59,40.2039,140.0242,62.67,11.54
469,Caetite,71,BR,2022-06-13 21:56:11,51,-14.0694,-42.475,72.86,4.18
470,Broome,60,US,2022-06-13 21:56:11,59,42.2506,-75.833,75.79,5.01
471,Pacific Grove,0,US,2022-06-13 21:56:12,68,36.6177,-121.9166,79.56,11.01
472,Kulhudhuffushi,100,MV,2022-06-13 21:56:12,76,6.6221,73.07,82.8,11.63
473,Villarrica,0,PY,2022-06-13 21:56:12,85,-25.75,-56.4333,50.13,3.22
474,Saravan,14,AM,2022-06-13 21:56:13,72,39.7196,45.6483,53.53,5.37
475,Olafsvik,100,IS,2022-06-13 21:56:13,94,64.8945,-23.7142,50.41,16.35
476,Ballyhaunis,100,IE,2022-06-13 21:56:14,91,53.7667,-8.7667,51.78,6.53
477,Rio Cuarto,0,AR,2022-06-13 21:56:14,20,-33.1307,-64.3499,65.97,18.41
478,Verkhoyansk,38,RU,2022-06-13 21:56:15,46,67.5447,133.385,60.96,7.09
479,Risor,6,NO,2022-06-13 21:56:16,61,58.7206,9.2342,56.61,12.17
480,Nome,99,US,2022-06-13 21:56:17,80,64.5011,-165.4064,44.17,10.89
481,Brae,100,GB,2022-06-13 21:56:17,94,60.3964,-1.353,51.4,15.99
482,Sorong,38,ID,2022-06-13 21:56:18,86,-0.8833,131.25,76.66,5.01
483,Nsanje,9,MW,2022-06-13 21:56:18,92,-16.92,35.262,63.82,1.9
484,Hambantota,20,LK,2022-06-13 21:56:19,94,6.1241,81.1185,77.34,3.44
485,Weyburn,85,CA,2022-06-13 21:56:19,60,49.6668,-103.8511,70.02,18.41
486,Marsa Matruh,0,EG,2022-06-13 21:56:19,88,31.3525,27.2453,71.8,5.75
487,Elmadag,49,TR,2022-06-13 21:56:20,76,39.9208,33.2308,59.34,3.6
488,San Lorenzo,0,PY,2022-06-13 21:56:20,71,-25.3333,-57.5333,54.54,2.3
489,Baglung,81,NP,2022-06-13 21:56:21,65,28.2719,83.5898,74.08,3.58
490,Progreso,99,MX,2022-06-13 21:56:21,75,21.2833,-89.6667,88.11,21.07
491,Khani,100,GE,2022-06-13 21:56:22,97,41.9563,42.9566,60.37,3.02
492,Sola,75,VU,2022-06-13 21:56:22,94,-13.8833,167.55,79.47,0.0
493,Elbasan,70,AL,2022-06-13 21:56:22,83,41.1125,20.0822,68.72,3.65
494,Bar Harbor,100,US,2022-06-13 21:56:23,89,44.3876,-68.2039,64.94,4.0
495,Mount Isa,1,AU,2022-06-13 21:56:23,70,-20.7333,139.5,38.97,2.3
496,Gravelbourg,97,CA,2022-06-13 21:56:24,56,49.8834,-106.5512,75.47,2.53
497,Kieta,36,PG,2022-06-13 21:56:24,78,-6.2167,155.6333,81.86,6.98
498,Otane,16,NZ,2022-06-13 21:56:24,63,-39.8833,176.6333,57.0,20.89
499,Isangel,75,VU,2022-06-13 21:56:25,100,-19.55,169.2667,77.11,2.3
500,Oktyabrskiy,6,RU,2022-06-13 21:56:25,84,54.4815,53.471,50.13,2.66
501,Sitka,100,US,2022-06-13 21:56:26,77,57.0531,-135.33,54.03,4.9
502,El Dorado,0,US,2022-06-13 21:52:07,37,38.7666,-120.5177,72.79,1.01
503,Hereford,27,GB,2022-06-13 21:56:26,75,52.0568,-2.7148,55.49,3.91
504,Burgeo,76,CA,2022-06-13 21:56:27,87,47.6167,-57.6152,53.33,6.33
505,Haysville,0,US,2022-06-13 21:53:42,34,37.5645,-97.3523,101.46,21.85
506,Kathmandu,100,NP,2022-06-13 21:57:27,100,27.7167,85.3167,68.22,3.44
507,Huai Yot,59,TH,2022-06-13 21:57:27,96,7.7893,99.6348,74.73,1.34
508,Dakar,75,SN,2022-06-13 21:54:00,78,14.6937,-17.4441,77.88,0.0
509,Hargeysa,96,SO,2022-06-13 21:57:28,57,9.56,44.065,71.83,23.64
510,Villars-Sur-Glane,0,CH,2022-06-13 21:57:28,66,46.7905,7.1172,58.77,3.44
511,Namuac,98,PH,2022-06-13 21:57:29,85,18.6109,121.1657,80.17,3.87
512,North Bend,100,US,2022-06-13 21:57:29,91,43.4065,-124.2243,61.92,5.75
513,Ardakan,0,IR,2022-06-13 21:57:30,10,32.31,54.0175,86.79,3.56
514,Lamu,91,KE,2022-06-13 21:57:30,79,-2.2717,40.902,77.72,13.98
515,Matara,91,LK,2022-06-13 21:57:31,87,5.9485,80.5353,78.62,10.8
516,Viile Satu Mare,88,RO,2022-06-13 21:57:31,72,47.6667,22.95,66.45,11.5
517,Kushima,100,JP,2022-06-13 21:57:32,97,31.4583,131.2333,68.83,6.71
518,Mecca,0,SA,2022-06-13 21:57:32,28,21.4267,39.8261,90.93,6.44
519,Tura,81,IN,2022-06-13 21:57:32,99,25.5198,90.2201,73.49,7.45
520,Waipawa,3,NZ,2022-06-13 21:57:33,65,-41.4122,175.5153,51.13,22.7
521,Cairns,40,AU,2022-06-13 21:57:33,87,-16.9167,145.7667,65.07,12.66
522,Tokur,100,RU,2022-06-13 21:57:33,96,53.1333,132.9,54.84,4.0
523,Sompeta,81,IN,2022-06-13 21:53:30,73,18.9333,84.6,84.79,8.3
524,Hurghada,0,EG,2022-06-13 21:57:34,26,27.2574,33.8129,86.04,9.22
525,Kailua,40,US,2022-06-13 21:55:16,67,21.4022,-157.7394,85.41,11.5
526,Northam,5,GB,2022-06-13 21:57:34,79,51.0333,-4.2167,53.65,3.87
527,Rio Verde De Mato Grosso,0,BR,2022-06-13 21:57:35,43,-18.9181,-54.8442,61.18,4.0
528,Mirnyy,6,RU,2022-06-13 21:57:35,54,62.5353,113.9611,57.24,7.0
529,Rio Grande City,90,US,2022-06-13 21:57:36,31,26.3798,-98.8203,92.88,28.21
530,Taonan,97,CN,2022-06-13 21:57:36,90,45.3333,122.7833,61.43,7.61
531,Labuan,20,MY,2022-06-13 21:57:36,94,5.2767,115.2417,77.36,0.0
532,Copiapo,77,CL,2022-06-13 21:57:37,59,-27.3667,-70.3333,51.49,3.94
533,Nokaneng,0,BW,2022-06-13 21:57:37,50,-19.6667,22.2667,55.6,5.32
534,Kodar,70,IN,2022-06-13 21:57:38,49,16.9833,79.9667,89.47,5.39
535,Iskateley,100,RU,2022-06-13 21:57:38,38,67.6803,53.1512,56.57,14.07
536,Civita Castellana,8,IT,2022-06-13 21:57:38,62,42.2952,12.4092,72.57,0.58
537,Moron,43,AR,2022-06-13 21:57:39,59,-34.6534,-58.6198,58.89,7.02
538,Ahome,10,MX,2022-06-13 21:57:39,39,25.9167,-109.1833,91.85,16.51
539,Palimbang,100,PH,2022-06-13 21:57:40,84,6.2106,124.1894,77.16,3.89
540,Walvis Bay,1,NA,2022-06-13 21:55:42,87,-22.9575,14.5053,56.08,0.0
541,Deputatskiy,94,RU,2022-06-13 21:57:40,51,69.3,139.9,55.02,4.59
542,Kokopo,16,PG,2022-06-13 21:57:41,74,-4.352,152.2633,79.39,4.38
543,Manchester,100,GB,2022-06-13 21:54:47,72,53.4809,-2.2374,56.32,1.14
544,Khargapur,49,IN,2022-06-13 21:57:41,55,24.823,79.144,85.59,10.11
545,Ossora,31,RU,2022-06-13 21:57:42,65,59.2353,163.0719,50.61,4.12
546,Batemans Bay,27,AU,2022-06-13 21:57:42,81,-35.7167,150.1833,44.1,3.76
547,Dahra,14,DZ,2022-06-13 21:57:42,20,36.2546,0.8519,88.99,4.29
548,Gull Lake,100,CA,2022-06-13 21:57:43,76,50.1001,-108.4847,62.26,13.89
549,Flin Flon,75,CA,2022-06-13 21:57:43,43,54.7682,-101.865,71.44,10.36
550,Santa Cruz,0,BO,2022-06-13 21:57:44,27,-17.8,-63.1667,74.66,3.44
551,Kralendijk,69,BQ,2022-06-13 21:57:44,83,12.15,-68.2667,80.22,20.02
552,Zeya,100,RU,2022-06-13 21:57:45,99,53.75,127.2667,59.97,4.14
553,Necochea,100,AR,2022-06-13 21:58:45,57,-38.5473,-58.7368,53.8,10.74
554,Pangody,85,RU,2022-06-13 21:58:45,75,65.85,74.4859,52.2,17.78
555,Khawhai,100,IN,2022-06-13 21:58:46,99,23.3667,93.1167,59.74,2.37
556,Jieshi,100,CN,2022-06-13 21:58:46,88,22.8134,115.8257,80.22,14.72
557,Tabat,77,ID,2022-06-13 21:58:47,99,-2.635,115.2274,71.55,2.08
558,Portland,93,US,2022-06-13 21:54:58,77,45.5234,-122.6762,61.38,5.01
559,Jiexiu,0,CN,2022-06-13 21:58:47,45,37.0244,111.9125,65.23,2.98
560,Solton,97,RU,2022-06-13 21:58:48,92,52.8429,86.4787,59.41,4.09
561,Barkhan,7,PK,2022-06-13 21:58:48,41,29.8977,69.5256,80.1,4.16
562,Ilo,75,PE,2022-06-13 21:58:49,77,-17.6394,-71.3375,65.26,5.75
563,Opuwo,0,NA,2022-06-13 21:58:49,55,-18.0607,13.84,55.56,6.73
564,Troitskoye,100,RU,2022-06-13 21:58:49,76,52.9821,84.6757,63.45,4.65
565,Bahia Honda,8,CU,2022-06-13 21:58:50,63,22.9036,-83.1592,85.78,9.04
566,Leeton,68,AU,2022-06-13 21:57:41,90,-34.5667,146.4,44.89,4.38
567,Bongandanga,99,CD,2022-06-13 21:58:51,97,1.5,21.05,68.23,0.6
568,Carutapera,3,BR,2022-06-13 21:58:51,83,-1.195,-46.02,77.76,7.61
569,Kysyl-Syr,97,RU,2022-06-13 21:58:51,91,63.8986,122.7617,51.13,5.12
570,Usolye,3,RU,2022-06-13 21:58:52,71,59.4268,56.6808,45.48,3.27
571,Tiznit,27,MA,2022-06-13 21:58:52,54,29.5833,-9.5,79.63,2.15
572,Calama,0,CL,2022-06-13 21:58:53,5,-22.4667,-68.9333,66.69,19.57
573,Caravelas,100,BR,2022-06-13 21:58:53,74,-17.7125,-39.2481,72.45,11.5
574,Nanyang,10,CN,2022-06-13 21:58:53,58,32.9947,112.5328,68.86,9.04
575,Tsurugi,100,JP,2022-06-13 21:58:54,72,36.45,136.6333,64.29,2.01
576,Ucluelet,49,CA,2022-06-13 21:58:54,82,48.9329,-125.5528,55.09,1.99
577,Souris,88,CA,2022-06-13 21:58:54,82,49.6172,-100.2612,72.73,16.28
578,Hammerfest,75,NO,2022-06-13 21:58:55,81,70.6634,23.6821,43.25,4.61
579,Belmonte,34,BR,2022-06-13 21:58:55,85,-15.8631,-38.8828,74.5,12.64
580,Sapernoye,10,RU,2022-06-13 21:58:56,88,60.7167,29.9505,48.65,6.11
581,Hovd,3,MN,2022-06-13 21:58:56,51,48.0056,91.6419,66.33,0.63
582,Novyy Urengoy,92,RU,2022-06-13 21:58:56,77,66.0833,76.6333,56.61,13.6
583,Norwood,9,US,2022-06-13 21:58:57,46,42.1945,-71.1995,86.45,14.0
584,Anuppur,100,IN,2022-06-13 21:58:57,66,23.1,81.6833,80.01,2.59
585,Labuhan,100,ID,2022-06-13 21:58:58,86,-6.8844,112.2051,77.05,5.97
586,Poanas,1,MX,2022-06-13 21:58:58,16,25.7667,-103.6167,97.48,16.44
587,Luderitz,61,NA,2022-06-13 21:58:58,92,-26.6481,15.1594,58.82,13.62
588,Suez,0,EG,2022-06-13 21:55:18,70,29.9737,32.5263,73.87,5.17
589,Savelugu,20,GH,2022-06-13 21:58:59,50,9.6244,-0.8253,85.12,5.23
590,Sao Felix Do Xingu,88,BR,2022-06-13 21:58:59,94,-6.6447,-51.995,74.32,0.2
591,Martinsville,0,US,2022-06-13 21:59:00,58,36.6915,-79.8725,93.49,6.91
592,Glenwood Springs,0,US,2022-06-13 21:54:44,15,39.5505,-107.3248,88.41,26.46
593,Kshenskiy,3,RU,2022-06-13 21:59:00,85,51.8408,37.7136,60.89,3.33
594,Buchanan,55,LR,2022-06-13 21:59:01,78,5.8808,-10.0467,78.12,9.19
595,Kanina,12,CD,2022-06-13 21:59:01,57,-10.7341,25.4699,57.58,4.12
596,Laguna,0,US,2022-06-13 21:59:02,18,38.421,-121.4238,84.29,5.99
